date	location	variant	median_I	I_upper_95	I_lower_95	I_upper_80	I_lower_80	I_upper_50	I_lower_50
2022-03-15	California	Delta	0.0	2.0	0.0	0.0	0.0	0.0	0.0
2022-03-16	California	Delta	0.0	2.0	0.0	0.0	0.0	0.0	0.0
2022-03-17	California	Delta	0.0	2.0	0.0	0.0	0.0	0.0	0.0
2022-03-18	California	Delta	0.0	2.0	0.0	0.0	0.0	0.0	0.0
2022-03-19	California	Delta	0.0	2.0	0.0	0.0	0.0	0.0	0.0
2022-03-20	California	Delta	0.0	2.0	0.0	0.0	0.0	0.0	0.0
2022-03-21	California	Delta	0.0	2.0	0.0	0.0	0.0	0.0	0.0
2022-03-15	California	Omicron	3595.0	4940.0	2556.0	4361.0	2823.0	3897.0	3081.0
2022-03-16	California	Omicron	3544.0	5093.0	2064.0	4448.0	2485.0	3924.0	2877.0
2022-03-17	California	Omicron	3477.0	5559.0	1849.0	4678.0	2294.0	3942.0	2673.0
2022-03-18	California	Omicron	3422.0	5844.0	1565.0	4754.0	2013.0	3861.0	2421.0
2022-03-19	California	Omicron	3351.0	6205.0	1348.0	4891.0	1782.0	3792.0	2181.0
2022-03-20	California	Omicron	3290.0	6671.0	1126.0	5063.0	1580.0	3779.0	1991.0
2022-03-21	California	Omicron	3232.0	7111.0	907.0	5155.0	1328.0	3758.0	1810.0
2022-03-15	California	other	0.0	0.0	0.0	0.0	0.0	0.0	0.0
2022-03-16	California	other	0.0	0.0	0.0	0.0	0.0	0.0	0.0
2022-03-17	California	other	0.0	0.0	0.0	0.0	0.0	0.0	0.0
2022-03-18	California	other	0.0	0.0	0.0	0.0	0.0	0.0	0.0
2022-03-19	California	other	0.0	0.0	0.0	0.0	0.0	0.0	0.0
2022-03-20	California	other	0.0	0.0	0.0	0.0	0.0	0.0	0.0
2022-03-21	California	other	0.0	0.0	0.0	0.0	0.0	0.0	0.0
2022-03-15	Colorado	Delta	0.0	1.0	0.0	0.0	0.0	0.0	0.0
2022-03-16	Colorado	Delta	0.0	1.0	0.0	0.0	0.0	0.0	0.0
2022-03-17	Colorado	Delta	0.0	1.0	0.0	0.0	0.0	0.0	0.0
2022-03-18	Colorado	Delta	0.0	1.0	0.0	0.0	0.0	0.0	0.0
2022-03-19	Colorado	Delta	0.0	1.0	0.0	0.0	0.0	0.0	0.0
2022-03-20	Colorado	Delta	0.0	0.0	0.0	0.0	0.0	0.0	0.0
2022-03-21	Colorado	Delta	0.0	0.0	0.0	0.0	0.0	0.0	0.0
2022-03-15	Colorado	Omicron	570.0	819.0	387.0	697.0	412.0	630.0	480.0
2022-03-16	Colorado	Omicron	518.0	759.0	319.0	664.0	380.0	577.0	427.0
2022-03-17	Colorado	Omicron	472.0	719.0	278.0	607.0	322.0	525.0	374.0
2022-03-18	Colorado	Omicron	433.0	695.0	248.0	570.0	284.0	494.0	343.0
2022-03-19	Colorado	Omicron	395.0	661.0	211.0	536.0	250.0	453.0	304.0
2022-03-20	Colorado	Omicron	360.0	622.0	170.0	509.0	224.0	419.0	271.0
2022-03-21	Colorado	Omicron	329.0	596.0	143.0	476.0	192.0	370.0	225.0
2022-03-15	Colorado	other	0.0	0.0	0.0	0.0	0.0	0.0	0.0
2022-03-16	Colorado	other	0.0	0.0	0.0	0.0	0.0	0.0	0.0
2022-03-17	Colorado	other	0.0	0.0	0.0	0.0	0.0	0.0	0.0
2022-03-18	Colorado	other	0.0	0.0	0.0	0.0	0.0	0.0	0.0
2022-03-19	Colorado	other	0.0	0.0	0.0	0.0	0.0	0.0	0.0
2022-03-20	Colorado	other	0.0	0.0	0.0	0.0	0.0	0.0	0.0
2022-03-21	Colorado	other	0.0	0.0	0.0	0.0	0.0	0.0	0.0
2022-03-15	Connecticut	Delta	0.0	0.0	0.0	0.0	0.0	0.0	0.0
2022-03-16	Connecticut	Delta	0.0	0.0	0.0	0.0	0.0	0.0	0.0
2022-03-17	Connecticut	Delta	0.0	0.0	0.0	0.0	0.0	0.0	0.0
2022-03-18	Connecticut	Delta	0.0	0.0	0.0	0.0	0.0	0.0	0.0
2022-03-19	Connecticut	Delta	0.0	0.0	0.0	0.0	0.0	0.0	0.0
2022-03-20	Connecticut	Delta	0.0	0.0	0.0	0.0	0.0	0.0	0.0
2022-03-21	Connecticut	Delta	0.0	0.0	0.0	0.0	0.0	0.0	0.0
2022-03-15	Connecticut	Omicron	334.0	537.0	195.0	442.0	229.0	369.0	259.0
2022-03-16	Connecticut	Omicron	354.0	636.0	167.0	499.0	206.0	391.0	241.0
2022-03-17	Connecticut	Omicron	372.0	758.0	136.0	559.0	178.0	419.0	229.0
2022-03-18	Connecticut	Omicron	392.0	892.0	116.0	614.0	152.0	431.0	204.0
2022-03-19	Connecticut	Omicron	415.0	1061.0	96.0	687.0	130.0	470.0	203.0
2022-03-20	Connecticut	Omicron	437.0	1280.0	76.0	770.0	108.0	484.0	171.0
2022-03-21	Connecticut	Omicron	462.0	1544.0	66.0	871.0	94.0	509.0	152.0
2022-03-15	Connecticut	other	0.0	0.0	0.0	0.0	0.0	0.0	0.0
2022-03-16	Connecticut	other	0.0	0.0	0.0	0.0	0.0	0.0	0.0
2022-03-17	Connecticut	other	0.0	0.0	0.0	0.0	0.0	0.0	0.0
2022-03-18	Connecticut	other	0.0	0.0	0.0	0.0	0.0	0.0	0.0
2022-03-19	Connecticut	other	0.0	0.0	0.0	0.0	0.0	0.0	0.0
2022-03-20	Connecticut	other	0.0	0.0	0.0	0.0	0.0	0.0	0.0
2022-03-21	Connecticut	other	0.0	0.0	0.0	0.0	0.0	0.0	0.0
2022-03-15	Florida	Delta	0.0	0.0	0.0	0.0	0.0	0.0	0.0
2022-03-16	Florida	Delta	0.0	0.0	0.0	0.0	0.0	0.0	0.0
2022-03-17	Florida	Delta	0.0	0.0	0.0	0.0	0.0	0.0	0.0
2022-03-18	Florida	Delta	0.0	0.0	0.0	0.0	0.0	0.0	0.0
2022-03-19	Florida	Delta	0.0	0.0	0.0	0.0	0.0	0.0	0.0
2022-03-20	Florida	Delta	0.0	0.0	0.0	0.0	0.0	0.0	0.0
2022-03-21	Florida	Delta	0.0	0.0	0.0	0.0	0.0	0.0	0.0
2022-03-15	Florida	Omicron	755.0	968.0	556.0	884.0	614.0	810.0	664.0
2022-03-16	Florida	Omicron	721.0	969.0	507.0	872.0	572.0	793.0	632.0
2022-03-17	Florida	Omicron	690.0	947.0	438.0	847.0	515.0	756.0	579.0
2022-03-18	Florida	Omicron	659.0	956.0	405.0	835.0	481.0	726.0	537.0
2022-03-19	Florida	Omicron	627.0	957.0	366.0	813.0	435.0	730.0	529.0
2022-03-20	Florida	Omicron	597.0	941.0	312.0	806.0	406.0	664.0	450.0
2022-03-21	Florida	Omicron	572.0	940.0	272.0	795.0	376.0	641.0	417.0
2022-03-15	Florida	other	0.0	0.0	0.0	0.0	0.0	0.0	0.0
2022-03-16	Florida	other	0.0	0.0	0.0	0.0	0.0	0.0	0.0
2022-03-17	Florida	other	0.0	0.0	0.0	0.0	0.0	0.0	0.0
2022-03-18	Florida	other	0.0	0.0	0.0	0.0	0.0	0.0	0.0
2022-03-19	Florida	other	0.0	0.0	0.0	0.0	0.0	0.0	0.0
2022-03-20	Florida	other	0.0	0.0	0.0	0.0	0.0	0.0	0.0
2022-03-21	Florida	other	0.0	0.0	0.0	0.0	0.0	0.0	0.0
2022-03-15	Georgia	Delta	0.0	0.0	0.0	0.0	0.0	0.0	0.0
2022-03-16	Georgia	Delta	0.0	0.0	0.0	0.0	0.0	0.0	0.0
2022-03-17	Georgia	Delta	0.0	0.0	0.0	0.0	0.0	0.0	0.0
2022-03-18	Georgia	Delta	0.0	0.0	0.0	0.0	0.0	0.0	0.0
2022-03-19	Georgia	Delta	0.0	0.0	0.0	0.0	0.0	0.0	0.0
2022-03-20	Georgia	Delta	0.0	0.0	0.0	0.0	0.0	0.0	0.0
2022-03-21	Georgia	Delta	0.0	0.0	0.0	0.0	0.0	0.0	0.0
2022-03-15	Georgia	Omicron	500.0	707.0	330.0	617.0	376.0	544.0	419.0
2022-03-16	Georgia	Omicron	438.0	684.0	247.0	577.0	303.0	471.0	329.0
2022-03-17	Georgia	Omicron	384.0	666.0	175.0	532.0	232.0	443.0	286.0
2022-03-18	Georgia	Omicron	340.0	645.0	123.0	496.0	185.0	379.0	219.0
2022-03-19	Georgia	Omicron	303.0	630.0	94.0	453.0	138.0	338.0	178.0
2022-03-20	Georgia	Omicron	268.0	621.0	71.0	425.0	108.0	299.0	140.0
2022-03-21	Georgia	Omicron	236.0	615.0	53.0	397.0	84.0	255.0	100.0
2022-03-15	Georgia	other	0.0	0.0	0.0	0.0	0.0	0.0	0.0
2022-03-16	Georgia	other	0.0	0.0	0.0	0.0	0.0	0.0	0.0
2022-03-17	Georgia	other	0.0	0.0	0.0	0.0	0.0	0.0	0.0
2022-03-18	Georgia	other	0.0	0.0	0.0	0.0	0.0	0.0	0.0
2022-03-19	Georgia	other	0.0	0.0	0.0	0.0	0.0	0.0	0.0
2022-03-20	Georgia	other	0.0	0.0	0.0	0.0	0.0	0.0	0.0
2022-03-21	Georgia	other	0.0	0.0	0.0	0.0	0.0	0.0	0.0
2022-03-15	Illinois	Delta	0.0	0.0	0.0	0.0	0.0	0.0	0.0
2022-03-16	Illinois	Delta	0.0	0.0	0.0	0.0	0.0	0.0	0.0
2022-03-17	Illinois	Delta	0.0	0.0	0.0	0.0	0.0	0.0	0.0
2022-03-18	Illinois	Delta	0.0	0.0	0.0	0.0	0.0	0.0	0.0
2022-03-19	Illinois	Delta	0.0	0.0	0.0	0.0	0.0	0.0	0.0
2022-03-20	Illinois	Delta	0.0	0.0	0.0	0.0	0.0	0.0	0.0
2022-03-21	Illinois	Delta	0.0	0.0	0.0	0.0	0.0	0.0	0.0
2022-03-15	Illinois	Omicron	956.0	1281.0	695.0	1153.0	760.0	1063.0	856.0
2022-03-16	Illinois	Omicron	920.0	1290.0	609.0	1126.0	674.0	1026.0	785.0
2022-03-17	Illinois	Omicron	888.0	1329.0	547.0	1127.0	617.0	959.0	687.0
2022-03-18	Illinois	Omicron	854.0	1332.0	467.0	1126.0	567.0	941.0	643.0
2022-03-19	Illinois	Omicron	825.0	1349.0	415.0	1159.0	548.0	918.0	599.0
2022-03-20	Illinois	Omicron	796.0	1379.0	364.0	1103.0	449.0	883.0	543.0
2022-03-21	Illinois	Omicron	767.0	1397.0	309.0	1108.0	410.0	841.0	479.0
2022-03-15	Illinois	other	0.0	0.0	0.0	0.0	0.0	0.0	0.0
2022-03-16	Illinois	other	0.0	0.0	0.0	0.0	0.0	0.0	0.0
2022-03-17	Illinois	other	0.0	0.0	0.0	0.0	0.0	0.0	0.0
2022-03-18	Illinois	other	0.0	0.0	0.0	0.0	0.0	0.0	0.0
2022-03-19	Illinois	other	0.0	0.0	0.0	0.0	0.0	0.0	0.0
2022-03-20	Illinois	other	0.0	0.0	0.0	0.0	0.0	0.0	0.0
2022-03-21	Illinois	other	0.0	0.0	0.0	0.0	0.0	0.0	0.0
2022-03-15	Indiana	Delta	0.0	0.0	0.0	0.0	0.0	0.0	0.0
2022-03-16	Indiana	Delta	0.0	0.0	0.0	0.0	0.0	0.0	0.0
2022-03-17	Indiana	Delta	0.0	0.0	0.0	0.0	0.0	0.0	0.0
2022-03-18	Indiana	Delta	0.0	0.0	0.0	0.0	0.0	0.0	0.0
2022-03-19	Indiana	Delta	0.0	0.0	0.0	0.0	0.0	0.0	0.0
2022-03-20	Indiana	Delta	0.0	0.0	0.0	0.0	0.0	0.0	0.0
2022-03-21	Indiana	Delta	0.0	0.0	0.0	0.0	0.0	0.0	0.0
2022-03-15	Indiana	Omicron	149.0	216.0	100.0	189.0	113.0	161.0	122.0
2022-03-16	Indiana	Omicron	129.0	200.0	77.0	168.0	89.0	141.0	100.0
2022-03-17	Indiana	Omicron	112.0	186.0	59.0	152.0	70.0	122.0	80.0
2022-03-18	Indiana	Omicron	97.0	173.0	47.0	132.0	51.0	108.0	67.0
2022-03-19	Indiana	Omicron	84.0	161.0	36.0	122.0	43.0	96.0	55.0
2022-03-20	Indiana	Omicron	73.0	151.0	27.0	110.0	34.0	82.0	43.0
2022-03-21	Indiana	Omicron	63.0	140.0	18.0	99.0	26.0	70.0	33.0
2022-03-15	Indiana	other	0.0	0.0	0.0	0.0	0.0	0.0	0.0
2022-03-16	Indiana	other	0.0	0.0	0.0	0.0	0.0	0.0	0.0
2022-03-17	Indiana	other	0.0	0.0	0.0	0.0	0.0	0.0	0.0
2022-03-18	Indiana	other	0.0	0.0	0.0	0.0	0.0	0.0	0.0
2022-03-19	Indiana	other	0.0	0.0	0.0	0.0	0.0	0.0	0.0
2022-03-20	Indiana	other	0.0	0.0	0.0	0.0	0.0	0.0	0.0
2022-03-21	Indiana	other	0.0	0.0	0.0	0.0	0.0	0.0	0.0
2022-03-15	Kentucky	Delta	0.0	0.0	0.0	0.0	0.0	0.0	0.0
2022-03-16	Kentucky	Delta	0.0	0.0	0.0	0.0	0.0	0.0	0.0
2022-03-17	Kentucky	Delta	0.0	0.0	0.0	0.0	0.0	0.0	0.0
2022-03-18	Kentucky	Delta	0.0	0.0	0.0	0.0	0.0	0.0	0.0
2022-03-19	Kentucky	Delta	0.0	0.0	0.0	0.0	0.0	0.0	0.0
2022-03-20	Kentucky	Delta	0.0	0.0	0.0	0.0	0.0	0.0	0.0
2022-03-21	Kentucky	Delta	0.0	0.0	0.0	0.0	0.0	0.0	0.0
2022-03-15	Kentucky	Omicron	1119.0	1515.0	802.0	1352.0	893.0	1219.0	967.0
2022-03-16	Kentucky	Omicron	1043.0	1508.0	674.0	1302.0	763.0	1156.0	866.0
2022-03-17	Kentucky	Omicron	969.0	1510.0	555.0	1254.0	646.0	1081.0	759.0
2022-03-18	Kentucky	Omicron	910.0	1525.0	487.0	1226.0	559.0	1033.0	687.0
2022-03-19	Kentucky	Omicron	853.0	1530.0	406.0	1203.0	489.0	975.0	605.0
2022-03-20	Kentucky	Omicron	798.0	1530.0	325.0	1156.0	399.0	901.0	514.0
2022-03-21	Kentucky	Omicron	749.0	1551.0	271.0	1142.0	349.0	864.0	464.0
2022-03-15	Kentucky	other	0.0	0.0	0.0	0.0	0.0	0.0	0.0
2022-03-16	Kentucky	other	0.0	0.0	0.0	0.0	0.0	0.0	0.0
2022-03-17	Kentucky	other	0.0	0.0	0.0	0.0	0.0	0.0	0.0
2022-03-18	Kentucky	other	0.0	0.0	0.0	0.0	0.0	0.0	0.0
2022-03-19	Kentucky	other	0.0	0.0	0.0	0.0	0.0	0.0	0.0
2022-03-20	Kentucky	other	0.0	0.0	0.0	0.0	0.0	0.0	0.0
2022-03-21	Kentucky	other	0.0	0.0	0.0	0.0	0.0	0.0	0.0
2022-03-15	Louisiana	Delta	0.0	0.0	0.0	0.0	0.0	0.0	0.0
2022-03-16	Louisiana	Delta	0.0	0.0	0.0	0.0	0.0	0.0	0.0
2022-03-17	Louisiana	Delta	0.0	0.0	0.0	0.0	0.0	0.0	0.0
2022-03-18	Louisiana	Delta	0.0	0.0	0.0	0.0	0.0	0.0	0.0
2022-03-19	Louisiana	Delta	0.0	0.0	0.0	0.0	0.0	0.0	0.0
2022-03-20	Louisiana	Delta	0.0	0.0	0.0	0.0	0.0	0.0	0.0
2022-03-21	Louisiana	Delta	0.0	0.0	0.0	0.0	0.0	0.0	0.0
2022-03-15	Louisiana	Omicron	150.0	212.0	102.0	183.0	112.0	165.0	128.0
2022-03-16	Louisiana	Omicron	154.0	228.0	93.0	197.0	111.0	170.0	126.0
2022-03-17	Louisiana	Omicron	157.0	250.0	89.0	207.0	103.0	178.0	125.0
2022-03-18	Louisiana	Omicron	159.0	267.0	79.0	217.0	96.0	180.0	119.0
2022-03-19	Louisiana	Omicron	163.0	293.0	76.0	231.0	92.0	185.0	115.0
2022-03-20	Louisiana	Omicron	166.0	323.0	72.0	247.0	88.0	183.0	104.0
2022-03-21	Louisiana	Omicron	170.0	346.0	57.0	261.0	81.0	191.0	101.0
2022-03-15	Louisiana	other	0.0	0.0	0.0	0.0	0.0	0.0	0.0
2022-03-16	Louisiana	other	0.0	0.0	0.0	0.0	0.0	0.0	0.0
2022-03-17	Louisiana	other	0.0	0.0	0.0	0.0	0.0	0.0	0.0
2022-03-18	Louisiana	other	0.0	0.0	0.0	0.0	0.0	0.0	0.0
2022-03-19	Louisiana	other	0.0	1.0	0.0	0.0	0.0	0.0	0.0
2022-03-20	Louisiana	other	0.0	1.0	0.0	0.0	0.0	0.0	0.0
2022-03-21	Louisiana	other	0.0	1.0	0.0	0.0	0.0	0.0	0.0
2022-03-15	Maryland	Delta	0.0	0.0	0.0	0.0	0.0	0.0	0.0
2022-03-16	Maryland	Delta	0.0	0.0	0.0	0.0	0.0	0.0	0.0
2022-03-17	Maryland	Delta	0.0	0.0	0.0	0.0	0.0	0.0	0.0
2022-03-18	Maryland	Delta	0.0	0.0	0.0	0.0	0.0	0.0	0.0
2022-03-19	Maryland	Delta	0.0	0.0	0.0	0.0	0.0	0.0	0.0
2022-03-20	Maryland	Delta	0.0	0.0	0.0	0.0	0.0	0.0	0.0
2022-03-21	Maryland	Delta	0.0	0.0	0.0	0.0	0.0	0.0	0.0
2022-03-15	Maryland	Omicron	340.0	515.0	188.0	442.0	234.0	375.0	268.0
2022-03-16	Maryland	Omicron	344.0	562.0	187.0	455.0	223.0	391.0	271.0
2022-03-17	Maryland	Omicron	348.0	594.0	167.0	480.0	220.0	382.0	247.0
2022-03-18	Maryland	Omicron	349.0	627.0	152.0	488.0	197.0	385.0	237.0
2022-03-19	Maryland	Omicron	349.0	675.0	143.0	504.0	180.0	410.0	246.0
2022-03-20	Maryland	Omicron	350.0	721.0	129.0	520.0	162.0	417.0	237.0
2022-03-21	Maryland	Omicron	351.0	773.0	116.0	538.0	146.0	422.0	224.0
2022-03-15	Maryland	other	0.0	0.0	0.0	0.0	0.0	0.0	0.0
2022-03-16	Maryland	other	0.0	0.0	0.0	0.0	0.0	0.0	0.0
2022-03-17	Maryland	other	0.0	0.0	0.0	0.0	0.0	0.0	0.0
2022-03-18	Maryland	other	0.0	0.0	0.0	0.0	0.0	0.0	0.0
2022-03-19	Maryland	other	0.0	0.0	0.0	0.0	0.0	0.0	0.0
2022-03-20	Maryland	other	0.0	0.0	0.0	0.0	0.0	0.0	0.0
2022-03-21	Maryland	other	0.0	0.0	0.0	0.0	0.0	0.0	0.0
2022-03-15	Massachusetts	Delta	0.0	0.0	0.0	0.0	0.0	0.0	0.0
2022-03-16	Massachusetts	Delta	0.0	1.0	0.0	0.0	0.0	0.0	0.0
2022-03-17	Massachusetts	Delta	0.0	1.0	0.0	0.0	0.0	0.0	0.0
2022-03-18	Massachusetts	Delta	0.0	1.0	0.0	0.0	0.0	0.0	0.0
2022-03-19	Massachusetts	Delta	0.0	1.0	0.0	0.0	0.0	0.0	0.0
2022-03-20	Massachusetts	Delta	0.0	1.0	0.0	0.0	0.0	0.0	0.0
2022-03-21	Massachusetts	Delta	0.0	1.0	0.0	0.0	0.0	0.0	0.0
2022-03-15	Massachusetts	Omicron	649.0	841.0	482.0	776.0	539.0	711.0	587.0
2022-03-16	Massachusetts	Omicron	682.0	941.0	465.0	829.0	515.0	766.0	600.0
2022-03-17	Massachusetts	Omicron	712.0	1063.0	447.0	909.0	512.0	785.0	573.0
2022-03-18	Massachusetts	Omicron	741.0	1173.0	422.0	983.0	498.0	856.0	600.0
2022-03-19	Massachusetts	Omicron	771.0	1300.0	378.0	1063.0	477.0	877.0	568.0
2022-03-20	Massachusetts	Omicron	804.0	1510.0	381.0	1147.0	448.0	891.0	527.0
2022-03-21	Massachusetts	Omicron	839.0	1660.0	321.0	1219.0	394.0	939.0	521.0
2022-03-15	Massachusetts	other	0.0	0.0	0.0	0.0	0.0	0.0	0.0
2022-03-16	Massachusetts	other	0.0	0.0	0.0	0.0	0.0	0.0	0.0
2022-03-17	Massachusetts	other	0.0	0.0	0.0	0.0	0.0	0.0	0.0
2022-03-18	Massachusetts	other	0.0	0.0	0.0	0.0	0.0	0.0	0.0
2022-03-19	Massachusetts	other	0.0	0.0	0.0	0.0	0.0	0.0	0.0
2022-03-20	Massachusetts	other	0.0	0.0	0.0	0.0	0.0	0.0	0.0
2022-03-21	Massachusetts	other	0.0	0.0	0.0	0.0	0.0	0.0	0.0
2022-03-15	Michigan	Delta	0.0	1.0	0.0	0.0	0.0	0.0	0.0
2022-03-16	Michigan	Delta	0.0	1.0	0.0	0.0	0.0	0.0	0.0
2022-03-17	Michigan	Delta	0.0	1.0	0.0	0.0	0.0	0.0	0.0
2022-03-18	Michigan	Delta	0.0	1.0	0.0	0.0	0.0	0.0	0.0
2022-03-19	Michigan	Delta	0.0	1.0	0.0	0.0	0.0	0.0	0.0
2022-03-20	Michigan	Delta	0.0	1.0	0.0	0.0	0.0	0.0	0.0
2022-03-21	Michigan	Delta	0.0	1.0	0.0	0.0	0.0	0.0	0.0
2022-03-15	Michigan	Omicron	467.0	647.0	327.0	566.0	361.0	499.0	392.0
2022-03-16	Michigan	Omicron	446.0	674.0	283.0	560.0	311.0	496.0	365.0
2022-03-17	Michigan	Omicron	427.0	694.0	229.0	566.0	271.0	479.0	325.0
2022-03-18	Michigan	Omicron	407.0	727.0	203.0	558.0	230.0	457.0	287.0
2022-03-19	Michigan	Omicron	391.0	743.0	158.0	567.0	208.0	437.0	251.0
2022-03-20	Michigan	Omicron	376.0	771.0	128.0	560.0	169.0	425.0	225.0
2022-03-21	Michigan	Omicron	359.0	806.0	101.0	564.0	144.0	414.0	202.0
2022-03-15	Michigan	other	0.0	0.0	0.0	0.0	0.0	0.0	0.0
2022-03-16	Michigan	other	0.0	0.0	0.0	0.0	0.0	0.0	0.0
2022-03-17	Michigan	other	0.0	0.0	0.0	0.0	0.0	0.0	0.0
2022-03-18	Michigan	other	0.0	0.0	0.0	0.0	0.0	0.0	0.0
2022-03-19	Michigan	other	0.0	0.0	0.0	0.0	0.0	0.0	0.0
2022-03-20	Michigan	other	0.0	0.0	0.0	0.0	0.0	0.0	0.0
2022-03-21	Michigan	other	0.0	0.0	0.0	0.0	0.0	0.0	0.0
2022-03-15	Minnesota	Delta	2.0	11.0	0.0	5.0	0.0	2.0	0.0
2022-03-16	Minnesota	Delta	2.0	10.0	0.0	5.0	0.0	2.0	0.0
2022-03-17	Minnesota	Delta	2.0	10.0	0.0	4.0	0.0	2.0	0.0
2022-03-18	Minnesota	Delta	2.0	10.0	0.0	4.0	0.0	2.0	0.0
2022-03-19	Minnesota	Delta	2.0	10.0	0.0	4.0	0.0	2.0	0.0
2022-03-20	Minnesota	Delta	2.0	10.0	0.0	4.0	0.0	2.0	0.0
2022-03-21	Minnesota	Delta	1.0	10.0	0.0	4.0	0.0	2.0	0.0
2022-03-15	Minnesota	Omicron	443.0	633.0	295.0	554.0	333.0	478.0	364.0
2022-03-16	Minnesota	Omicron	416.0	615.0	267.0	528.0	302.0	455.0	338.0
2022-03-17	Minnesota	Omicron	390.0	601.0	239.0	508.0	274.0	432.0	310.0
2022-03-18	Minnesota	Omicron	366.0	591.0	214.0	484.0	242.0	404.0	278.0
2022-03-19	Minnesota	Omicron	343.0	570.0	183.0	456.0	210.0	381.0	252.0
2022-03-20	Minnesota	Omicron	322.0	557.0	157.0	444.0	193.0	351.0	220.0
2022-03-21	Minnesota	Omicron	302.0	547.0	136.0	418.0	164.0	340.0	206.0
2022-03-15	Minnesota	other	0.0	0.0	0.0	0.0	0.0	0.0	0.0
2022-03-16	Minnesota	other	0.0	0.0	0.0	0.0	0.0	0.0	0.0
2022-03-17	Minnesota	other	0.0	0.0	0.0	0.0	0.0	0.0	0.0
2022-03-18	Minnesota	other	0.0	0.0	0.0	0.0	0.0	0.0	0.0
2022-03-19	Minnesota	other	0.0	0.0	0.0	0.0	0.0	0.0	0.0
2022-03-20	Minnesota	other	0.0	0.0	0.0	0.0	0.0	0.0	0.0
2022-03-21	Minnesota	other	0.0	0.0	0.0	0.0	0.0	0.0	0.0
2022-03-15	Missouri	Delta	0.0	0.0	0.0	0.0	0.0	0.0	0.0
2022-03-16	Missouri	Delta	0.0	0.0	0.0	0.0	0.0	0.0	0.0
2022-03-17	Missouri	Delta	0.0	0.0	0.0	0.0	0.0	0.0	0.0
2022-03-18	Missouri	Delta	0.0	0.0	0.0	0.0	0.0	0.0	0.0
2022-03-19	Missouri	Delta	0.0	0.0	0.0	0.0	0.0	0.0	0.0
2022-03-20	Missouri	Delta	0.0	0.0	0.0	0.0	0.0	0.0	0.0
2022-03-21	Missouri	Delta	0.0	0.0	0.0	0.0	0.0	0.0	0.0
2022-03-15	Missouri	Omicron	353.0	505.0	225.0	435.0	255.0	385.0	290.0
2022-03-16	Missouri	Omicron	342.0	513.0	211.0	436.0	243.0	380.0	278.0
2022-03-17	Missouri	Omicron	331.0	519.0	192.0	434.0	224.0	380.0	269.0
2022-03-18	Missouri	Omicron	321.0	524.0	173.0	430.0	207.0	358.0	239.0
2022-03-19	Missouri	Omicron	312.0	525.0	153.0	430.0	193.0	345.0	221.0
2022-03-20	Missouri	Omicron	303.0	539.0	139.0	418.0	166.0	345.0	212.0
2022-03-21	Missouri	Omicron	293.0	551.0	123.0	422.0	155.0	340.0	201.0
2022-03-15	Missouri	other	0.0	0.0	0.0	0.0	0.0	0.0	0.0
2022-03-16	Missouri	other	0.0	0.0	0.0	0.0	0.0	0.0	0.0
2022-03-17	Missouri	other	0.0	0.0	0.0	0.0	0.0	0.0	0.0
2022-03-18	Missouri	other	0.0	0.0	0.0	0.0	0.0	0.0	0.0
2022-03-19	Missouri	other	0.0	0.0	0.0	0.0	0.0	0.0	0.0
2022-03-20	Missouri	other	0.0	0.0	0.0	0.0	0.0	0.0	0.0
2022-03-21	Missouri	other	0.0	0.0	0.0	0.0	0.0	0.0	0.0
2022-03-15	Nebraska	Delta	0.0	0.0	0.0	0.0	0.0	0.0	0.0
2022-03-16	Nebraska	Delta	0.0	0.0	0.0	0.0	0.0	0.0	0.0
2022-03-17	Nebraska	Delta	0.0	0.0	0.0	0.0	0.0	0.0	0.0
2022-03-18	Nebraska	Delta	0.0	0.0	0.0	0.0	0.0	0.0	0.0
2022-03-19	Nebraska	Delta	0.0	0.0	0.0	0.0	0.0	0.0	0.0
2022-03-20	Nebraska	Delta	0.0	0.0	0.0	0.0	0.0	0.0	0.0
2022-03-21	Nebraska	Delta	0.0	0.0	0.0	0.0	0.0	0.0	0.0
2022-03-15	Nebraska	Omicron	18.0	29.0	10.0	24.0	12.0	20.0	14.0
2022-03-16	Nebraska	Omicron	12.0	23.0	6.0	18.0	7.0	13.0	8.0
2022-03-17	Nebraska	Omicron	9.0	18.0	3.0	13.0	4.0	10.0	5.0
2022-03-18	Nebraska	Omicron	6.0	14.0	2.0	10.0	2.0	7.0	3.0
2022-03-19	Nebraska	Omicron	4.0	11.0	1.0	7.0	1.0	5.0	2.0
2022-03-20	Nebraska	Omicron	3.0	9.0	0.0	6.0	1.0	3.0	1.0
2022-03-21	Nebraska	Omicron	2.0	8.0	0.0	4.0	1.0	2.0	1.0
2022-03-15	Nebraska	other	0.0	0.0	0.0	0.0	0.0	0.0	0.0
2022-03-16	Nebraska	other	0.0	0.0	0.0	0.0	0.0	0.0	0.0
2022-03-17	Nebraska	other	0.0	0.0	0.0	0.0	0.0	0.0	0.0
2022-03-18	Nebraska	other	0.0	0.0	0.0	0.0	0.0	0.0	0.0
2022-03-19	Nebraska	other	0.0	0.0	0.0	0.0	0.0	0.0	0.0
2022-03-20	Nebraska	other	0.0	0.0	0.0	0.0	0.0	0.0	0.0
2022-03-21	Nebraska	other	0.0	0.0	0.0	0.0	0.0	0.0	0.0
2022-03-15	Nevada	Delta	1.0	13.0	0.0	4.0	0.0	1.0	0.0
2022-03-16	Nevada	Delta	2.0	30.0	0.0	7.0	0.0	2.0	0.0
2022-03-17	Nevada	Delta	3.0	62.0	0.0	14.0	0.0	3.0	0.0
2022-03-18	Nevada	Delta	5.0	131.0	0.0	25.0	0.0	5.0	0.0
2022-03-19	Nevada	Delta	9.0	287.0	0.0	48.0	0.0	9.0	0.0
2022-03-20	Nevada	Delta	15.0	642.0	0.0	95.0	0.0	15.0	0.0
2022-03-21	Nevada	Delta	25.0	1414.0	0.0	183.0	0.0	25.0	0.0
2022-03-15	Nevada	Omicron	16063.0	58802.0	1612.0	31853.0	3162.0	17126.0	4593.0
2022-03-16	Nevada	Omicron	38956.0	243907.0	1388.0	99507.0	2306.0	40846.0	5217.0
2022-03-17	Nevada	Omicron	92535.0	890438.0	1182.0	296309.0	1704.0	93015.0	2550.0
2022-03-18	Nevada	Omicron	221798.0	3470829.0	1168.0	917830.0	1168.0	222651.0	3061.0
2022-03-19	Nevada	Omicron	536773.0	13709728.0	1148.0	2837324.0	1148.0	536907.0	2046.0
2022-03-20	Nevada	Omicron	1283195.0	54231230.0	1063.0	8761496.0	1063.0	1284429.0	2112.0
2022-03-21	Nevada	Omicron	3094806.0	217990510.0	982.0	27163594.0	982.0	3098418.0	982.0
2022-03-15	Nevada	other	0.0	0.0	0.0	0.0	0.0	0.0	0.0
2022-03-16	Nevada	other	0.0	0.0	0.0	0.0	0.0	0.0	0.0
2022-03-17	Nevada	other	0.0	0.0	0.0	0.0	0.0	0.0	0.0
2022-03-18	Nevada	other	0.0	0.0	0.0	0.0	0.0	0.0	0.0
2022-03-19	Nevada	other	0.0	0.0	0.0	0.0	0.0	0.0	0.0
2022-03-20	Nevada	other	0.0	0.0	0.0	0.0	0.0	0.0	0.0
2022-03-21	Nevada	other	0.0	0.0	0.0	0.0	0.0	0.0	0.0
2022-03-15	New Jersey	Delta	0.0	2.0	0.0	1.0	0.0	0.0	0.0
2022-03-16	New Jersey	Delta	0.0	2.0	0.0	1.0	0.0	0.0	0.0
2022-03-17	New Jersey	Delta	0.0	2.0	0.0	1.0	0.0	0.0	0.0
2022-03-18	New Jersey	Delta	0.0	1.0	0.0	0.0	0.0	0.0	0.0
2022-03-19	New Jersey	Delta	0.0	1.0	0.0	0.0	0.0	0.0	0.0
2022-03-20	New Jersey	Delta	0.0	1.0	0.0	0.0	0.0	0.0	0.0
2022-03-21	New Jersey	Delta	0.0	1.0	0.0	0.0	0.0	0.0	0.0
2022-03-15	New Jersey	Omicron	589.0	762.0	431.0	695.0	482.0	637.0	525.0
2022-03-16	New Jersey	Omicron	525.0	717.0	351.0	640.0	406.0	565.0	438.0
2022-03-17	New Jersey	Omicron	469.0	689.0	292.0	583.0	326.0	517.0	380.0
2022-03-18	New Jersey	Omicron	420.0	653.0	241.0	547.0	280.0	461.0	321.0
2022-03-19	New Jersey	Omicron	377.0	620.0	195.0	516.0	242.0	415.0	272.0
2022-03-20	New Jersey	Omicron	337.0	586.0	151.0	477.0	199.0	381.0	237.0
2022-03-21	New Jersey	Omicron	301.0	562.0	121.0	445.0	167.0	350.0	207.0
2022-03-15	New Jersey	other	0.0	0.0	0.0	0.0	0.0	0.0	0.0
2022-03-16	New Jersey	other	0.0	0.0	0.0	0.0	0.0	0.0	0.0
2022-03-17	New Jersey	other	0.0	0.0	0.0	0.0	0.0	0.0	0.0
2022-03-18	New Jersey	other	0.0	0.0	0.0	0.0	0.0	0.0	0.0
2022-03-19	New Jersey	other	0.0	0.0	0.0	0.0	0.0	0.0	0.0
2022-03-20	New Jersey	other	0.0	0.0	0.0	0.0	0.0	0.0	0.0
2022-03-21	New Jersey	other	0.0	0.0	0.0	0.0	0.0	0.0	0.0
2022-03-15	New Mexico	Delta	0.0	0.0	0.0	0.0	0.0	0.0	0.0
2022-03-16	New Mexico	Delta	0.0	0.0	0.0	0.0	0.0	0.0	0.0
2022-03-17	New Mexico	Delta	0.0	0.0	0.0	0.0	0.0	0.0	0.0
2022-03-18	New Mexico	Delta	0.0	0.0	0.0	0.0	0.0	0.0	0.0
2022-03-19	New Mexico	Delta	0.0	0.0	0.0	0.0	0.0	0.0	0.0
2022-03-20	New Mexico	Delta	0.0	0.0	0.0	0.0	0.0	0.0	0.0
2022-03-21	New Mexico	Delta	0.0	0.0	0.0	0.0	0.0	0.0	0.0
2022-03-15	New Mexico	Omicron	110.0	146.0	80.0	129.0	86.0	120.0	97.0
2022-03-16	New Mexico	Omicron	97.0	137.0	66.0	120.0	74.0	106.0	82.0
2022-03-17	New Mexico	Omicron	86.0	126.0	53.0	109.0	62.0	96.0	71.0
2022-03-18	New Mexico	Omicron	77.0	119.0	44.0	101.0	53.0	85.0	60.0
2022-03-19	New Mexico	Omicron	68.0	113.0	37.0	91.0	43.0	77.0	52.0
2022-03-20	New Mexico	Omicron	61.0	106.0	30.0	81.0	34.0	69.0	44.0
2022-03-21	New Mexico	Omicron	54.0	99.0	23.0	77.0	30.0	62.0	37.0
2022-03-15	New Mexico	other	0.0	0.0	0.0	0.0	0.0	0.0	0.0
2022-03-16	New Mexico	other	0.0	0.0	0.0	0.0	0.0	0.0	0.0
2022-03-17	New Mexico	other	0.0	0.0	0.0	0.0	0.0	0.0	0.0
2022-03-18	New Mexico	other	0.0	0.0	0.0	0.0	0.0	0.0	0.0
2022-03-19	New Mexico	other	0.0	0.0	0.0	0.0	0.0	0.0	0.0
2022-03-20	New Mexico	other	0.0	0.0	0.0	0.0	0.0	0.0	0.0
2022-03-21	New Mexico	other	0.0	0.0	0.0	0.0	0.0	0.0	0.0
2022-03-15	New York	Delta	0.0	0.0	0.0	0.0	0.0	0.0	0.0
2022-03-16	New York	Delta	0.0	0.0	0.0	0.0	0.0	0.0	0.0
2022-03-17	New York	Delta	0.0	0.0	0.0	0.0	0.0	0.0	0.0
2022-03-18	New York	Delta	0.0	0.0	0.0	0.0	0.0	0.0	0.0
2022-03-19	New York	Delta	0.0	0.0	0.0	0.0	0.0	0.0	0.0
2022-03-20	New York	Delta	0.0	0.0	0.0	0.0	0.0	0.0	0.0
2022-03-21	New York	Delta	0.0	0.0	0.0	0.0	0.0	0.0	0.0
2022-03-15	New York	Omicron	1804.0	2537.0	1172.0	2229.0	1349.0	2006.0	1544.0
2022-03-16	New York	Omicron	1912.0	2793.0	1143.0	2406.0	1337.0	2121.0	1567.0
2022-03-17	New York	Omicron	2018.0	3121.0	1150.0	2577.0	1317.0	2250.0	1591.0
2022-03-18	New York	Omicron	2121.0	3418.0	1115.0	2763.0	1304.0	2402.0	1638.0
2022-03-19	New York	Omicron	2232.0	3746.0	1093.0	3021.0	1337.0	2578.0	1693.0
2022-03-20	New York	Omicron	2359.0	4138.0	1055.0	3244.0	1308.0	2728.0	1715.0
2022-03-21	New York	Omicron	2481.0	4555.0	1015.0	3513.0	1307.0	2909.0	1754.0
2022-03-15	New York	other	0.0	0.0	0.0	0.0	0.0	0.0	0.0
2022-03-16	New York	other	0.0	0.0	0.0	0.0	0.0	0.0	0.0
2022-03-17	New York	other	0.0	0.0	0.0	0.0	0.0	0.0	0.0
2022-03-18	New York	other	0.0	0.0	0.0	0.0	0.0	0.0	0.0
2022-03-19	New York	other	0.0	0.0	0.0	0.0	0.0	0.0	0.0
2022-03-20	New York	other	0.0	0.0	0.0	0.0	0.0	0.0	0.0
2022-03-21	New York	other	0.0	0.0	0.0	0.0	0.0	0.0	0.0
2022-03-15	North Carolina	Delta	0.0	1.0	0.0	0.0	0.0	0.0	0.0
2022-03-16	North Carolina	Delta	0.0	1.0	0.0	0.0	0.0	0.0	0.0
2022-03-17	North Carolina	Delta	0.0	1.0	0.0	0.0	0.0	0.0	0.0
2022-03-18	North Carolina	Delta	0.0	1.0	0.0	0.0	0.0	0.0	0.0
2022-03-19	North Carolina	Delta	0.0	1.0	0.0	0.0	0.0	0.0	0.0
2022-03-20	North Carolina	Delta	0.0	1.0	0.0	0.0	0.0	0.0	0.0
2022-03-21	North Carolina	Delta	0.0	1.0	0.0	0.0	0.0	0.0	0.0
2022-03-15	North Carolina	Omicron	2090.0	2686.0	1558.0	2421.0	1695.0	2257.0	1869.0
2022-03-16	North Carolina	Omicron	2453.0	3398.0	1697.0	2984.0	1871.0	2685.0	2104.0
2022-03-17	North Carolina	Omicron	2873.0	4278.0	1805.0	3670.0	2051.0	3186.0	2366.0
2022-03-18	North Carolina	Omicron	3350.0	5276.0	1871.0	4494.0	2278.0	3796.0	2687.0
2022-03-19	North Carolina	Omicron	3921.0	6615.0	1945.0	5480.0	2458.0	4448.0	2927.0
2022-03-20	North Carolina	Omicron	4597.0	8416.0	2089.0	6331.0	2323.0	5458.0	3435.0
2022-03-21	North Carolina	Omicron	5375.0	10635.0	2269.0	7898.0	2682.0	6564.0	3905.0
2022-03-15	North Carolina	other	0.0	0.0	0.0	0.0	0.0	0.0	0.0
2022-03-16	North Carolina	other	0.0	0.0	0.0	0.0	0.0	0.0	0.0
2022-03-17	North Carolina	other	0.0	0.0	0.0	0.0	0.0	0.0	0.0
2022-03-18	North Carolina	other	0.0	0.0	0.0	0.0	0.0	0.0	0.0
2022-03-19	North Carolina	other	0.0	0.0	0.0	0.0	0.0	0.0	0.0
2022-03-20	North Carolina	other	0.0	0.0	0.0	0.0	0.0	0.0	0.0
2022-03-21	North Carolina	other	0.0	0.0	0.0	0.0	0.0	0.0	0.0
2022-03-15	North Dakota	Delta	0.0	0.0	0.0	0.0	0.0	0.0	0.0
2022-03-16	North Dakota	Delta	0.0	0.0	0.0	0.0	0.0	0.0	0.0
2022-03-17	North Dakota	Delta	0.0	0.0	0.0	0.0	0.0	0.0	0.0
2022-03-18	North Dakota	Delta	0.0	0.0	0.0	0.0	0.0	0.0	0.0
2022-03-19	North Dakota	Delta	0.0	0.0	0.0	0.0	0.0	0.0	0.0
2022-03-20	North Dakota	Delta	0.0	0.0	0.0	0.0	0.0	0.0	0.0
2022-03-21	North Dakota	Delta	0.0	0.0	0.0	0.0	0.0	0.0	0.0
2022-03-15	North Dakota	Omicron	44.0	65.0	28.0	56.0	31.0	50.0	37.0
2022-03-16	North Dakota	Omicron	40.0	63.0	22.0	54.0	28.0	45.0	32.0
2022-03-17	North Dakota	Omicron	37.0	61.0	18.0	50.0	23.0	40.0	27.0
2022-03-18	North Dakota	Omicron	33.0	60.0	16.0	47.0	20.0	38.0	24.0
2022-03-19	North Dakota	Omicron	30.0	57.0	12.0	44.0	17.0	33.0	19.0
2022-03-20	North Dakota	Omicron	28.0	55.0	9.0	42.0	14.0	31.0	16.0
2022-03-21	North Dakota	Omicron	25.0	54.0	8.0	40.0	12.0	29.0	14.0
2022-03-15	North Dakota	other	0.0	0.0	0.0	0.0	0.0	0.0	0.0
2022-03-16	North Dakota	other	0.0	0.0	0.0	0.0	0.0	0.0	0.0
2022-03-17	North Dakota	other	0.0	0.0	0.0	0.0	0.0	0.0	0.0
2022-03-18	North Dakota	other	0.0	0.0	0.0	0.0	0.0	0.0	0.0
2022-03-19	North Dakota	other	0.0	0.0	0.0	0.0	0.0	0.0	0.0
2022-03-20	North Dakota	other	0.0	0.0	0.0	0.0	0.0	0.0	0.0
2022-03-21	North Dakota	other	0.0	0.0	0.0	0.0	0.0	0.0	0.0
2022-03-15	Ohio	Delta	0.0	0.0	0.0	0.0	0.0	0.0	0.0
2022-03-16	Ohio	Delta	0.0	0.0	0.0	0.0	0.0	0.0	0.0
2022-03-17	Ohio	Delta	0.0	0.0	0.0	0.0	0.0	0.0	0.0
2022-03-18	Ohio	Delta	0.0	0.0	0.0	0.0	0.0	0.0	0.0
2022-03-19	Ohio	Delta	0.0	0.0	0.0	0.0	0.0	0.0	0.0
2022-03-20	Ohio	Delta	0.0	0.0	0.0	0.0	0.0	0.0	0.0
2022-03-21	Ohio	Delta	0.0	0.0	0.0	0.0	0.0	0.0	0.0
2022-03-15	Ohio	Omicron	431.0	581.0	298.0	520.0	337.0	478.0	380.0
2022-03-16	Ohio	Omicron	396.0	571.0	258.0	496.0	292.0	443.0	334.0
2022-03-17	Ohio	Omicron	366.0	560.0	220.0	476.0	253.0	405.0	285.0
2022-03-18	Ohio	Omicron	339.0	545.0	185.0	447.0	215.0	377.0	251.0
2022-03-19	Ohio	Omicron	314.0	529.0	152.0	428.0	186.0	348.0	219.0
2022-03-20	Ohio	Omicron	289.0	517.0	126.0	412.0	164.0	329.0	197.0
2022-03-21	Ohio	Omicron	267.0	502.0	101.0	397.0	143.0	318.0	183.0
2022-03-15	Ohio	other	0.0	0.0	0.0	0.0	0.0	0.0	0.0
2022-03-16	Ohio	other	0.0	0.0	0.0	0.0	0.0	0.0	0.0
2022-03-17	Ohio	other	0.0	0.0	0.0	0.0	0.0	0.0	0.0
2022-03-18	Ohio	other	0.0	0.0	0.0	0.0	0.0	0.0	0.0
2022-03-19	Ohio	other	0.0	0.0	0.0	0.0	0.0	0.0	0.0
2022-03-20	Ohio	other	0.0	0.0	0.0	0.0	0.0	0.0	0.0
2022-03-21	Ohio	other	0.0	0.0	0.0	0.0	0.0	0.0	0.0
2022-03-15	Oregon	Delta	0.0	1.0	0.0	0.0	0.0	0.0	0.0
2022-03-16	Oregon	Delta	0.0	0.0	0.0	0.0	0.0	0.0	0.0
2022-03-17	Oregon	Delta	0.0	0.0	0.0	0.0	0.0	0.0	0.0
2022-03-18	Oregon	Delta	0.0	0.0	0.0	0.0	0.0	0.0	0.0
2022-03-19	Oregon	Delta	0.0	0.0	0.0	0.0	0.0	0.0	0.0
2022-03-20	Oregon	Delta	0.0	0.0	0.0	0.0	0.0	0.0	0.0
2022-03-21	Oregon	Delta	0.0	0.0	0.0	0.0	0.0	0.0	0.0
2022-03-15	Oregon	Omicron	187.0	248.0	132.0	219.0	143.0	201.0	162.0
2022-03-16	Oregon	Omicron	171.0	239.0	114.0	212.0	132.0	184.0	142.0
2022-03-17	Oregon	Omicron	157.0	232.0	99.0	194.0	109.0	175.0	130.0
2022-03-18	Oregon	Omicron	143.0	222.0	85.0	184.0	96.0	158.0	112.0
2022-03-19	Oregon	Omicron	131.0	214.0	72.0	174.0	84.0	141.0	94.0
2022-03-20	Oregon	Omicron	120.0	207.0	60.0	162.0	71.0	133.0	85.0
2022-03-21	Oregon	Omicron	110.0	201.0	51.0	153.0	60.0	124.0	76.0
2022-03-15	Oregon	other	0.0	0.0	0.0	0.0	0.0	0.0	0.0
2022-03-16	Oregon	other	0.0	0.0	0.0	0.0	0.0	0.0	0.0
2022-03-17	Oregon	other	0.0	0.0	0.0	0.0	0.0	0.0	0.0
2022-03-18	Oregon	other	0.0	0.0	0.0	0.0	0.0	0.0	0.0
2022-03-19	Oregon	other	0.0	0.0	0.0	0.0	0.0	0.0	0.0
2022-03-20	Oregon	other	0.0	0.0	0.0	0.0	0.0	0.0	0.0
2022-03-21	Oregon	other	0.0	0.0	0.0	0.0	0.0	0.0	0.0
2022-03-15	Pennsylvania	Delta	0.0	1.0	0.0	0.0	0.0	0.0	0.0
2022-03-16	Pennsylvania	Delta	0.0	0.0	0.0	0.0	0.0	0.0	0.0
2022-03-17	Pennsylvania	Delta	0.0	0.0	0.0	0.0	0.0	0.0	0.0
2022-03-18	Pennsylvania	Delta	0.0	0.0	0.0	0.0	0.0	0.0	0.0
2022-03-19	Pennsylvania	Delta	0.0	0.0	0.0	0.0	0.0	0.0	0.0
2022-03-20	Pennsylvania	Delta	0.0	0.0	0.0	0.0	0.0	0.0	0.0
2022-03-21	Pennsylvania	Delta	0.0	0.0	0.0	0.0	0.0	0.0	0.0
2022-03-15	Pennsylvania	Omicron	444.0	593.0	301.0	535.0	347.0	486.0	392.0
2022-03-16	Pennsylvania	Omicron	394.0	560.0	253.0	488.0	289.0	432.0	329.0
2022-03-17	Pennsylvania	Omicron	351.0	534.0	210.0	450.0	242.0	398.0	288.0
2022-03-18	Pennsylvania	Omicron	316.0	511.0	179.0	420.0	206.0	356.0	244.0
2022-03-19	Pennsylvania	Omicron	284.0	486.0	148.0	387.0	171.0	324.0	212.0
2022-03-20	Pennsylvania	Omicron	254.0	455.0	112.0	359.0	142.0	293.0	182.0
2022-03-21	Pennsylvania	Omicron	228.0	431.0	86.0	332.0	116.0	258.0	149.0
2022-03-15	Pennsylvania	other	0.0	0.0	0.0	0.0	0.0	0.0	0.0
2022-03-16	Pennsylvania	other	0.0	0.0	0.0	0.0	0.0	0.0	0.0
2022-03-17	Pennsylvania	other	0.0	0.0	0.0	0.0	0.0	0.0	0.0
2022-03-18	Pennsylvania	other	0.0	0.0	0.0	0.0	0.0	0.0	0.0
2022-03-19	Pennsylvania	other	0.0	0.0	0.0	0.0	0.0	0.0	0.0
2022-03-20	Pennsylvania	other	0.0	0.0	0.0	0.0	0.0	0.0	0.0
2022-03-21	Pennsylvania	other	0.0	0.0	0.0	0.0	0.0	0.0	0.0
2022-03-15	Rhode Island	Delta	0.0	0.0	0.0	0.0	0.0	0.0	0.0
2022-03-16	Rhode Island	Delta	0.0	0.0	0.0	0.0	0.0	0.0	0.0
2022-03-17	Rhode Island	Delta	0.0	0.0	0.0	0.0	0.0	0.0	0.0
2022-03-18	Rhode Island	Delta	0.0	0.0	0.0	0.0	0.0	0.0	0.0
2022-03-19	Rhode Island	Delta	0.0	0.0	0.0	0.0	0.0	0.0	0.0
2022-03-20	Rhode Island	Delta	0.0	0.0	0.0	0.0	0.0	0.0	0.0
2022-03-21	Rhode Island	Delta	0.0	0.0	0.0	0.0	0.0	0.0	0.0
2022-03-15	Rhode Island	Omicron	188.0	279.0	116.0	241.0	137.0	208.0	155.0
2022-03-16	Rhode Island	Omicron	194.0	306.0	101.0	260.0	130.0	213.0	146.0
2022-03-17	Rhode Island	Omicron	201.0	342.0	90.0	283.0	124.0	222.0	140.0
2022-03-18	Rhode Island	Omicron	206.0	378.0	82.0	299.0	112.0	229.0	136.0
2022-03-19	Rhode Island	Omicron	212.0	420.0	75.0	317.0	101.0	240.0	133.0
2022-03-20	Rhode Island	Omicron	220.0	474.0	70.0	347.0	96.0	252.0	129.0
2022-03-21	Rhode Island	Omicron	227.0	537.0	66.0	368.0	81.0	259.0	121.0
2022-03-15	Rhode Island	other	0.0	0.0	0.0	0.0	0.0	0.0	0.0
2022-03-16	Rhode Island	other	0.0	0.0	0.0	0.0	0.0	0.0	0.0
2022-03-17	Rhode Island	other	0.0	0.0	0.0	0.0	0.0	0.0	0.0
2022-03-18	Rhode Island	other	0.0	0.0	0.0	0.0	0.0	0.0	0.0
2022-03-19	Rhode Island	other	0.0	0.0	0.0	0.0	0.0	0.0	0.0
2022-03-20	Rhode Island	other	0.0	0.0	0.0	0.0	0.0	0.0	0.0
2022-03-21	Rhode Island	other	0.0	0.0	0.0	0.0	0.0	0.0	0.0
2022-03-15	South Carolina	Delta	0.0	0.0	0.0	0.0	0.0	0.0	0.0
2022-03-16	South Carolina	Delta	0.0	0.0	0.0	0.0	0.0	0.0	0.0
2022-03-17	South Carolina	Delta	0.0	0.0	0.0	0.0	0.0	0.0	0.0
2022-03-18	South Carolina	Delta	0.0	0.0	0.0	0.0	0.0	0.0	0.0
2022-03-19	South Carolina	Delta	0.0	0.0	0.0	0.0	0.0	0.0	0.0
2022-03-20	South Carolina	Delta	0.0	0.0	0.0	0.0	0.0	0.0	0.0
2022-03-21	South Carolina	Delta	0.0	0.0	0.0	0.0	0.0	0.0	0.0
2022-03-15	South Carolina	Omicron	189.0	262.0	126.0	232.0	144.0	208.0	161.0
2022-03-16	South Carolina	Omicron	176.0	255.0	105.0	224.0	127.0	191.0	141.0
2022-03-17	South Carolina	Omicron	162.0	254.0	90.0	216.0	112.0	178.0	124.0
2022-03-18	South Carolina	Omicron	151.0	253.0	80.0	210.0	100.0	169.0	112.0
2022-03-19	South Carolina	Omicron	140.0	242.0	62.0	197.0	82.0	160.0	101.0
2022-03-20	South Carolina	Omicron	130.0	239.0	53.0	192.0	74.0	150.0	89.0
2022-03-21	South Carolina	Omicron	121.0	237.0	45.0	180.0	59.0	141.0	80.0
2022-03-15	South Carolina	other	0.0	0.0	0.0	0.0	0.0	0.0	0.0
2022-03-16	South Carolina	other	0.0	0.0	0.0	0.0	0.0	0.0	0.0
2022-03-17	South Carolina	other	0.0	0.0	0.0	0.0	0.0	0.0	0.0
2022-03-18	South Carolina	other	0.0	0.0	0.0	0.0	0.0	0.0	0.0
2022-03-19	South Carolina	other	0.0	0.0	0.0	0.0	0.0	0.0	0.0
2022-03-20	South Carolina	other	0.0	0.0	0.0	0.0	0.0	0.0	0.0
2022-03-21	South Carolina	other	0.0	0.0	0.0	0.0	0.0	0.0	0.0
2022-03-15	Tennessee	Delta	0.0	0.0	0.0	0.0	0.0	0.0	0.0
2022-03-16	Tennessee	Delta	0.0	0.0	0.0	0.0	0.0	0.0	0.0
2022-03-17	Tennessee	Delta	0.0	0.0	0.0	0.0	0.0	0.0	0.0
2022-03-18	Tennessee	Delta	0.0	0.0	0.0	0.0	0.0	0.0	0.0
2022-03-19	Tennessee	Delta	0.0	0.0	0.0	0.0	0.0	0.0	0.0
2022-03-20	Tennessee	Delta	0.0	0.0	0.0	0.0	0.0	0.0	0.0
2022-03-21	Tennessee	Delta	0.0	0.0	0.0	0.0	0.0	0.0	0.0
2022-03-15	Tennessee	Omicron	274.0	371.0	182.0	334.0	210.0	306.0	242.0
2022-03-16	Tennessee	Omicron	246.0	354.0	157.0	306.0	178.0	279.0	212.0
2022-03-17	Tennessee	Omicron	222.0	329.0	126.0	286.0	152.0	256.0	186.0
2022-03-18	Tennessee	Omicron	201.0	313.0	108.0	263.0	129.0	229.0	159.0
2022-03-19	Tennessee	Omicron	181.0	297.0	92.0	246.0	111.0	212.0	143.0
2022-03-20	Tennessee	Omicron	163.0	281.0	78.0	229.0	96.0	191.0	122.0
2022-03-21	Tennessee	Omicron	147.0	266.0	64.0	210.0	79.0	171.0	102.0
2022-03-15	Tennessee	other	0.0	0.0	0.0	0.0	0.0	0.0	0.0
2022-03-16	Tennessee	other	0.0	0.0	0.0	0.0	0.0	0.0	0.0
2022-03-17	Tennessee	other	0.0	0.0	0.0	0.0	0.0	0.0	0.0
2022-03-18	Tennessee	other	0.0	0.0	0.0	0.0	0.0	0.0	0.0
2022-03-19	Tennessee	other	0.0	0.0	0.0	0.0	0.0	0.0	0.0
2022-03-20	Tennessee	other	0.0	0.0	0.0	0.0	0.0	0.0	0.0
2022-03-21	Tennessee	other	0.0	0.0	0.0	0.0	0.0	0.0	0.0
2022-03-15	Texas	Delta	0.0	0.0	0.0	0.0	0.0	0.0	0.0
2022-03-16	Texas	Delta	0.0	0.0	0.0	0.0	0.0	0.0	0.0
2022-03-17	Texas	Delta	0.0	0.0	0.0	0.0	0.0	0.0	0.0
2022-03-18	Texas	Delta	0.0	0.0	0.0	0.0	0.0	0.0	0.0
2022-03-19	Texas	Delta	0.0	0.0	0.0	0.0	0.0	0.0	0.0
2022-03-20	Texas	Delta	0.0	0.0	0.0	0.0	0.0	0.0	0.0
2022-03-21	Texas	Delta	0.0	0.0	0.0	0.0	0.0	0.0	0.0
2022-03-15	Texas	Omicron	804.0	1646.0	329.0	1186.0	391.0	890.0	502.0
2022-03-16	Texas	Omicron	298.0	795.0	95.0	485.0	121.0	333.0	160.0
2022-03-17	Texas	Omicron	94.0	341.0	24.0	172.0	29.0	99.0	38.0
2022-03-18	Texas	Omicron	29.0	168.0	5.0	63.0	6.0	30.0	9.0
2022-03-19	Texas	Omicron	9.0	89.0	1.0	26.0	1.0	10.0	2.0
2022-03-20	Texas	Omicron	3.0	47.0	0.0	11.0	0.0	3.0	0.0
2022-03-21	Texas	Omicron	1.0	24.0	0.0	5.0	0.0	1.0	0.0
2022-03-15	Texas	other	0.0	0.0	0.0	0.0	0.0	0.0	0.0
2022-03-16	Texas	other	0.0	0.0	0.0	0.0	0.0	0.0	0.0
2022-03-17	Texas	other	0.0	0.0	0.0	0.0	0.0	0.0	0.0
2022-03-18	Texas	other	0.0	0.0	0.0	0.0	0.0	0.0	0.0
2022-03-19	Texas	other	0.0	0.0	0.0	0.0	0.0	0.0	0.0
2022-03-20	Texas	other	0.0	0.0	0.0	0.0	0.0	0.0	0.0
2022-03-21	Texas	other	0.0	0.0	0.0	0.0	0.0	0.0	0.0
2022-03-15	Utah	Delta	0.0	1.0	0.0	0.0	0.0	0.0	0.0
2022-03-16	Utah	Delta	0.0	1.0	0.0	0.0	0.0	0.0	0.0
2022-03-17	Utah	Delta	0.0	1.0	0.0	0.0	0.0	0.0	0.0
2022-03-18	Utah	Delta	0.0	1.0	0.0	0.0	0.0	0.0	0.0
2022-03-19	Utah	Delta	0.0	1.0	0.0	0.0	0.0	0.0	0.0
2022-03-20	Utah	Delta	0.0	1.0	0.0	0.0	0.0	0.0	0.0
2022-03-21	Utah	Delta	0.0	1.0	0.0	0.0	0.0	0.0	0.0
2022-03-15	Utah	Omicron	130.0	164.0	100.0	151.0	109.0	141.0	119.0
2022-03-16	Utah	Omicron	124.0	163.0	90.0	147.0	98.0	135.0	110.0
2022-03-17	Utah	Omicron	118.0	165.0	80.0	145.0	90.0	131.0	102.0
2022-03-18	Utah	Omicron	112.0	165.0	71.0	143.0	83.0	125.0	93.0
2022-03-19	Utah	Omicron	106.0	164.0	63.0	139.0	73.0	120.0	86.0
2022-03-20	Utah	Omicron	101.0	164.0	53.0	135.0	64.0	115.0	78.0
2022-03-21	Utah	Omicron	96.0	161.0	42.0	135.0	59.0	110.0	70.0
2022-03-15	Utah	other	0.0	0.0	0.0	0.0	0.0	0.0	0.0
2022-03-16	Utah	other	0.0	0.0	0.0	0.0	0.0	0.0	0.0
2022-03-17	Utah	other	0.0	0.0	0.0	0.0	0.0	0.0	0.0
2022-03-18	Utah	other	0.0	0.0	0.0	0.0	0.0	0.0	0.0
2022-03-19	Utah	other	0.0	0.0	0.0	0.0	0.0	0.0	0.0
2022-03-20	Utah	other	0.0	0.0	0.0	0.0	0.0	0.0	0.0
2022-03-21	Utah	other	0.0	0.0	0.0	0.0	0.0	0.0	0.0
2022-03-15	Virginia	Delta	0.0	0.0	0.0	0.0	0.0	0.0	0.0
2022-03-16	Virginia	Delta	0.0	0.0	0.0	0.0	0.0	0.0	0.0
2022-03-17	Virginia	Delta	0.0	0.0	0.0	0.0	0.0	0.0	0.0
2022-03-18	Virginia	Delta	0.0	0.0	0.0	0.0	0.0	0.0	0.0
2022-03-19	Virginia	Delta	0.0	0.0	0.0	0.0	0.0	0.0	0.0
2022-03-20	Virginia	Delta	0.0	0.0	0.0	0.0	0.0	0.0	0.0
2022-03-21	Virginia	Delta	0.0	0.0	0.0	0.0	0.0	0.0	0.0
2022-03-15	Virginia	Omicron	623.0	816.0	469.0	736.0	513.0	680.0	561.0
2022-03-16	Virginia	Omicron	600.0	803.0	421.0	721.0	474.0	658.0	526.0
2022-03-17	Virginia	Omicron	577.0	803.0	380.0	709.0	435.0	623.0	476.0
2022-03-18	Virginia	Omicron	556.0	816.0	349.0	702.0	403.0	609.0	451.0
2022-03-19	Virginia	Omicron	535.0	818.0	311.0	695.0	373.0	601.0	430.0
2022-03-20	Virginia	Omicron	515.0	822.0	270.0	688.0	341.0	579.0	395.0
2022-03-21	Virginia	Omicron	496.0	840.0	250.0	679.0	305.0	553.0	358.0
2022-03-15	Virginia	other	0.0	0.0	0.0	0.0	0.0	0.0	0.0
2022-03-16	Virginia	other	0.0	0.0	0.0	0.0	0.0	0.0	0.0
2022-03-17	Virginia	other	0.0	0.0	0.0	0.0	0.0	0.0	0.0
2022-03-18	Virginia	other	0.0	0.0	0.0	0.0	0.0	0.0	0.0
2022-03-19	Virginia	other	0.0	0.0	0.0	0.0	0.0	0.0	0.0
2022-03-20	Virginia	other	0.0	0.0	0.0	0.0	0.0	0.0	0.0
2022-03-21	Virginia	other	0.0	0.0	0.0	0.0	0.0	0.0	0.0
2022-03-15	Washington	Delta	0.0	1.0	0.0	0.0	0.0	0.0	0.0
2022-03-16	Washington	Delta	0.0	1.0	0.0	0.0	0.0	0.0	0.0
2022-03-17	Washington	Delta	0.0	1.0	0.0	0.0	0.0	0.0	0.0
2022-03-18	Washington	Delta	0.0	1.0	0.0	0.0	0.0	0.0	0.0
2022-03-19	Washington	Delta	0.0	1.0	0.0	0.0	0.0	0.0	0.0
2022-03-20	Washington	Delta	0.0	1.0	0.0	0.0	0.0	0.0	0.0
2022-03-21	Washington	Delta	0.0	1.0	0.0	0.0	0.0	0.0	0.0
2022-03-15	Washington	Omicron	920.0	1332.0	595.0	1155.0	682.0	990.0	750.0
2022-03-16	Washington	Omicron	940.0	1414.0	592.0	1183.0	660.0	1022.0	753.0
2022-03-17	Washington	Omicron	955.0	1450.0	526.0	1220.0	636.0	1069.0	766.0
2022-03-18	Washington	Omicron	968.0	1531.0	503.0	1265.0	621.0	1114.0	775.0
2022-03-19	Washington	Omicron	981.0	1657.0	503.0	1310.0	594.0	1112.0	732.0
2022-03-20	Washington	Omicron	996.0	1760.0	462.0	1364.0	559.0	1120.0	692.0
2022-03-21	Washington	Omicron	1012.0	1914.0	450.0	1425.0	534.0	1179.0	705.0
2022-03-15	Washington	other	2.0	3.0	1.0	3.0	1.0	2.0	1.0
2022-03-16	Washington	other	2.0	3.0	1.0	3.0	1.0	2.0	1.0
2022-03-17	Washington	other	2.0	4.0	1.0	3.0	1.0	2.0	1.0
2022-03-18	Washington	other	2.0	4.0	1.0	3.0	1.0	2.0	1.0
2022-03-19	Washington	other	2.0	4.0	1.0	3.0	1.0	2.0	1.0
2022-03-20	Washington	other	2.0	4.0	1.0	3.0	1.0	2.0	1.0
2022-03-21	Washington	other	2.0	5.0	1.0	3.0	1.0	2.0	1.0
2022-03-15	Wisconsin	Delta	0.0	0.0	0.0	0.0	0.0	0.0	0.0
2022-03-16	Wisconsin	Delta	0.0	0.0	0.0	0.0	0.0	0.0	0.0
2022-03-17	Wisconsin	Delta	0.0	0.0	0.0	0.0	0.0	0.0	0.0
2022-03-18	Wisconsin	Delta	0.0	0.0	0.0	0.0	0.0	0.0	0.0
2022-03-19	Wisconsin	Delta	0.0	0.0	0.0	0.0	0.0	0.0	0.0
2022-03-20	Wisconsin	Delta	0.0	0.0	0.0	0.0	0.0	0.0	0.0
2022-03-21	Wisconsin	Delta	0.0	0.0	0.0	0.0	0.0	0.0	0.0
2022-03-15	Wisconsin	Omicron	259.0	386.0	158.0	335.0	190.0	278.0	202.0
2022-03-16	Wisconsin	Omicron	243.0	387.0	125.0	330.0	162.0	273.0	186.0
2022-03-17	Wisconsin	Omicron	227.0	395.0	102.0	322.0	134.0	248.0	153.0
2022-03-18	Wisconsin	Omicron	211.0	397.0	81.0	320.0	117.0	237.0	136.0
2022-03-19	Wisconsin	Omicron	198.0	404.0	65.0	307.0	93.0	221.0	116.0
2022-03-20	Wisconsin	Omicron	184.0	413.0	53.0	298.0	76.0	210.0	101.0
2022-03-21	Wisconsin	Omicron	171.0	424.0	41.0	291.0	61.0	191.0	79.0
2022-03-15	Wisconsin	other	0.0	0.0	0.0	0.0	0.0	0.0	0.0
2022-03-16	Wisconsin	other	0.0	0.0	0.0	0.0	0.0	0.0	0.0
2022-03-17	Wisconsin	other	0.0	0.0	0.0	0.0	0.0	0.0	0.0
2022-03-18	Wisconsin	other	0.0	0.0	0.0	0.0	0.0	0.0	0.0
2022-03-19	Wisconsin	other	0.0	0.0	0.0	0.0	0.0	0.0	0.0
2022-03-20	Wisconsin	other	0.0	0.0	0.0	0.0	0.0	0.0	0.0
2022-03-21	Wisconsin	other	0.0	0.0	0.0	0.0	0.0	0.0	0.0
